,var,station_id,period,season,trend [%/yr],trend err [%/yr],yoffs,slope,slope err,num yrs,pval,unit
0,concsspm25,CY0002R,2000-2019,all,,,,,,6,,ug m-3
1,concsspm25,CY0002R,2000-2019,spring,,,,,,6,,ug m-3
2,concsspm25,CY0002R,2000-2019,summer,,,,,,6,,ug m-3
3,concsspm25,CY0002R,2000-2019,autumn,,,,,,6,,ug m-3
4,concsspm25,CY0002R,2000-2019,winter,,,,,,7,,ug m-3
5,concsspm25,CY0002R,2000-2010,all,,,,,,2,,ug m-3
6,concsspm25,CY0002R,2000-2010,spring,,,,,,2,,ug m-3
7,concsspm25,CY0002R,2000-2010,summer,,,,,,2,,ug m-3
8,concsspm25,CY0002R,2000-2010,autumn,,,,,,2,,ug m-3
9,concsspm25,CY0002R,2000-2010,winter,,,,,,2,,ug m-3
10,concsspm25,CY0002R,2010-2019,all,,,,,,5,,ug m-3
11,concsspm25,CY0002R,2010-2019,spring,,,,,,5,,ug m-3
12,concsspm25,CY0002R,2010-2019,summer,,,,,,5,,ug m-3
13,concsspm25,CY0002R,2010-2019,autumn,,,,,,5,,ug m-3
14,concsspm25,CY0002R,2010-2019,winter,,,,,,6,,ug m-3
15,concsspm25,CY0002R,2005-2019,all,,,,,,6,,ug m-3
16,concsspm25,CY0002R,2005-2019,spring,,,,,,6,,ug m-3
17,concsspm25,CY0002R,2005-2019,summer,,,,,,6,,ug m-3
18,concsspm25,CY0002R,2005-2019,autumn,,,,,,6,,ug m-3
19,concsspm25,CY0002R,2005-2019,winter,,,,,,7,,ug m-3
20,concsspm25,GB0048R,2000-2019,all,,,,,,13,,ug m-3
21,concsspm25,GB0048R,2000-2019,spring,,,,,,12,,ug m-3
22,concsspm25,GB0048R,2000-2019,summer,,,,,,13,,ug m-3
23,concsspm25,GB0048R,2000-2019,autumn,,,,,,13,,ug m-3
24,concsspm25,GB0048R,2000-2019,winter,,,,,,13,,ug m-3
25,concsspm25,GB0048R,2000-2010,all,,,,,,5,,ug m-3
26,concsspm25,GB0048R,2000-2010,spring,,,,,,4,,ug m-3
27,concsspm25,GB0048R,2000-2010,summer,,,,,,5,,ug m-3
28,concsspm25,GB0048R,2000-2010,autumn,,,,,,5,,ug m-3
29,concsspm25,GB0048R,2000-2010,winter,,,,,,4,,ug m-3
30,concsspm25,GB0048R,2010-2019,all,2.3589443378659856,1.7475982829904604,0.4024546483600581,0.009493681139968053,0.007002181174854429,9,0.07517636684303351,ug m-3
31,concsspm25,GB0048R,2010-2019,spring,5.285062241948236,3.9211834371113654,0.36331232786178597,0.01920128266016643,0.013998243957757953,9,0.04461529982363316,ug m-3
32,concsspm25,GB0048R,2010-2019,summer,14.048845758738157,13.103008410778807,0.20245175134567983,0.02844213428241866,0.02413712214264605,9,0.11943893298059964,ug m-3
33,concsspm25,GB0048R,2010-2019,autumn,-2.0187129610847263,2.890268512521347,0.4803146130981899,-0.009696173348597115,0.013807714399364263,9,0.35848765432098767,ug m-3
34,concsspm25,GB0048R,2010-2019,winter,-1.3712704332075767,4.17866932138552,0.4703107674916587,-0.006449232498804747,0.01961766928434372,10,1.0,ug m-3
35,concsspm25,GB0048R,2005-2019,all,1.7123914846775765,1.3795611120534432,0.3932870725367331,0.006734614340456741,0.005340068277490627,13,0.3674042836022003,ug m-3
36,concsspm25,GB0048R,2005-2019,spring,2.889363765516123,1.6460713639345284,0.3550197515481463,0.010257812061657504,0.005593695553640525,12,0.06286914699241088,ug m-3
37,concsspm25,GB0048R,2005-2019,summer,3.5457599114304736,4.6914329395795065,0.24971832562651897,0.00885441228156052,0.011238022935059336,13,0.306184939674523,ug m-3
38,concsspm25,GB0048R,2005-2019,autumn,-1.3075663566151985,1.8997258345286256,0.486014669885238,-0.006354964311633791,0.009124976644913355,13,0.25185761030379084,ug m-3
39,concsspm25,GB0048R,2005-2019,winter,-2.0269685558305635,0.7748086921279035,0.5731221392299188,-0.011617005548693916,0.0041064255767398385,13,0.16348723839175228,ug m-3
40,concsspm25,NO0001R,2000-2019,all,,,,,,2,,ug m-3
41,concsspm25,NO0001R,2000-2019,spring,,,,,,0,,ug m-3
42,concsspm25,NO0001R,2000-2019,summer,,,,,,1,,ug m-3
43,concsspm25,NO0001R,2000-2019,autumn,,,,,,0,,ug m-3
44,concsspm25,NO0001R,2000-2019,winter,,,,,,1,,ug m-3
45,concsspm25,NO0001R,2000-2010,all,,,,,,2,,ug m-3
46,concsspm25,NO0001R,2000-2010,spring,,,,,,0,,ug m-3
47,concsspm25,NO0001R,2000-2010,summer,,,,,,1,,ug m-3
48,concsspm25,NO0001R,2000-2010,autumn,,,,,,0,,ug m-3
49,concsspm25,NO0001R,2000-2010,winter,,,,,,1,,ug m-3
50,concsspm25,NO0001R,2010-2019,all,,,,,,0,,ug m-3
51,concsspm25,NO0001R,2010-2019,spring,,,,,,0,,ug m-3
52,concsspm25,NO0001R,2010-2019,summer,,,,,,0,,ug m-3
53,concsspm25,NO0001R,2010-2019,autumn,,,,,,0,,ug m-3
54,concsspm25,NO0001R,2010-2019,winter,,,,,,0,,ug m-3
55,concsspm25,NO0001R,2005-2019,all,,,,,,2,,ug m-3
56,concsspm25,NO0001R,2005-2019,spring,,,,,,0,,ug m-3
57,concsspm25,NO0001R,2005-2019,summer,,,,,,1,,ug m-3
58,concsspm25,NO0001R,2005-2019,autumn,,,,,,0,,ug m-3
59,concsspm25,NO0001R,2005-2019,winter,,,,,,1,,ug m-3
60,concsspm25,NL0644R,2000-2019,all,,,,,,5,,ug m-3
61,concsspm25,NL0644R,2000-2019,spring,,,,,,5,,ug m-3
62,concsspm25,NL0644R,2000-2019,summer,,,,,,5,,ug m-3
63,concsspm25,NL0644R,2000-2019,autumn,,,,,,5,,ug m-3
64,concsspm25,NL0644R,2000-2019,winter,,,,,,5,,ug m-3
65,concsspm25,NL0644R,2000-2010,all,,,,,,0,,ug m-3
66,concsspm25,NL0644R,2000-2010,spring,,,,,,0,,ug m-3
67,concsspm25,NL0644R,2000-2010,summer,,,,,,0,,ug m-3
68,concsspm25,NL0644R,2000-2010,autumn,,,,,,0,,ug m-3
69,concsspm25,NL0644R,2000-2010,winter,,,,,,0,,ug m-3
70,concsspm25,NL0644R,2010-2019,all,,,,,,5,,ug m-3
71,concsspm25,NL0644R,2010-2019,spring,,,,,,5,,ug m-3
72,concsspm25,NL0644R,2010-2019,summer,,,,,,5,,ug m-3
73,concsspm25,NL0644R,2010-2019,autumn,,,,,,5,,ug m-3
74,concsspm25,NL0644R,2010-2019,winter,,,,,,5,,ug m-3
75,concsspm25,NL0644R,2005-2019,all,,,,,,5,,ug m-3
76,concsspm25,NL0644R,2005-2019,spring,,,,,,5,,ug m-3
77,concsspm25,NL0644R,2005-2019,summer,,,,,,5,,ug m-3
78,concsspm25,NL0644R,2005-2019,autumn,,,,,,5,,ug m-3
79,concsspm25,NL0644R,2005-2019,winter,,,,,,5,,ug m-3
80,concsspm25,NL0011R,2000-2019,all,,,,,,2,,ug m-3
81,concsspm25,NL0011R,2000-2019,spring,,,,,,0,,ug m-3
82,concsspm25,NL0011R,2000-2019,summer,,,,,,1,,ug m-3
83,concsspm25,NL0011R,2000-2019,autumn,,,,,,0,,ug m-3
84,concsspm25,NL0011R,2000-2019,winter,,,,,,1,,ug m-3
85,concsspm25,NL0011R,2000-2010,all,,,,,,2,,ug m-3
86,concsspm25,NL0011R,2000-2010,spring,,,,,,0,,ug m-3
87,concsspm25,NL0011R,2000-2010,summer,,,,,,1,,ug m-3
88,concsspm25,NL0011R,2000-2010,autumn,,,,,,0,,ug m-3
89,concsspm25,NL0011R,2000-2010,winter,,,,,,1,,ug m-3
90,concsspm25,NL0011R,2010-2019,all,,,,,,0,,ug m-3
91,concsspm25,NL0011R,2010-2019,spring,,,,,,0,,ug m-3
92,concsspm25,NL0011R,2010-2019,summer,,,,,,0,,ug m-3
93,concsspm25,NL0011R,2010-2019,autumn,,,,,,0,,ug m-3
94,concsspm25,NL0011R,2010-2019,winter,,,,,,0,,ug m-3
95,concsspm25,NL0011R,2005-2019,all,,,,,,2,,ug m-3
96,concsspm25,NL0011R,2005-2019,spring,,,,,,0,,ug m-3
97,concsspm25,NL0011R,2005-2019,summer,,,,,,1,,ug m-3
98,concsspm25,NL0011R,2005-2019,autumn,,,,,,0,,ug m-3
99,concsspm25,NL0011R,2005-2019,winter,,,,,,1,,ug m-3
100,concsspm25,ES0009R,2000-2019,all,0.3188327073533047,0.8449432848464589,0.07585597099193062,0.00024185364600270987,0.000640498080544851,14,0.7471887597172815,ug m-3
101,concsspm25,ES0009R,2000-2019,spring,,,,,,13,,ug m-3
102,concsspm25,ES0009R,2000-2019,summer,,,,,,13,,ug m-3
103,concsspm25,ES0009R,2000-2019,autumn,,,,,,13,,ug m-3
104,concsspm25,ES0009R,2000-2019,winter,,,,,,12,,ug m-3
105,concsspm25,ES0009R,2000-2010,all,,,,,,6,,ug m-3
106,concsspm25,ES0009R,2000-2010,spring,,,,,,5,,ug m-3
107,concsspm25,ES0009R,2000-2010,summer,,,,,,5,,ug m-3
108,concsspm25,ES0009R,2000-2010,autumn,,,,,,5,,ug m-3
109,concsspm25,ES0009R,2000-2010,winter,,,,,,3,,ug m-3
110,concsspm25,ES0009R,2010-2019,all,-1.1586829334836033,1.7358453524054975,0.08246869140947681,-0.0009555506528288664,0.0014299275612251624,9,0.47670855379188715,ug m-3
111,concsspm25,ES0009R,2010-2019,spring,-1.6642527823739868,2.685114802360501,0.08760956351955734,-0.0014580445984999385,0.002345607072735825,9,0.47670855379188715,ug m-3
112,concsspm25,ES0009R,2010-2019,summer,-2.2988609560157256,4.461532955634819,0.09563959373368158,-0.0021986212788356685,0.004254680251081786,9,0.47670855379188715,ug m-3
113,concsspm25,ES0009R,2010-2019,autumn,4.027471587373919,7.290046880312656,0.056345238288243615,0.002269288462897142,0.004078926146030429,9,0.47670855379188715,ug m-3
114,concsspm25,ES0009R,2010-2019,winter,-1.9542666183580384,3.555170308245866,0.11389486342668531,-0.002225809295972189,0.004026198821763196,10,0.4843127204585538,ug m-3
115,concsspm25,ES0009R,2005-2019,all,-0.26964203307666634,0.5854921183154036,0.0801594946354341,-0.00021614369103896582,0.0004691125204165775,13,0.7650248459102625,ug m-3
116,concsspm25,ES0009R,2005-2019,spring,-0.3935669116026457,0.9594609992486451,0.08502527662891557,-0.00033463135531002907,0.0008148771843739908,12,0.6383612539081289,ug m-3
117,concsspm25,ES0009R,2005-2019,summer,-0.672850870001355,1.9242267634786123,0.09113765200944962,-0.0006132204844443892,0.0017510839102287136,13,0.8577337519090992,ug m-3
118,concsspm25,ES0009R,2005-2019,autumn,0.7231838732655825,2.2745095900085164,0.062270100849370166,0.00045032732720885955,0.0014133837074041368,13,0.7650248459102625,ug m-3
119,concsspm25,ES0009R,2005-2019,winter,-2.0691687561007197,0.8566184879552959,0.1315086760247747,-0.002721136435866356,0.001045734828544988,12,0.11595087782587783,ug m-3
120,concsspm25,GB1055R,2000-2019,all,,,,,,3,,ug m-3
121,concsspm25,GB1055R,2000-2019,spring,,,,,,3,,ug m-3
122,concsspm25,GB1055R,2000-2019,summer,,,,,,3,,ug m-3
123,concsspm25,GB1055R,2000-2019,autumn,,,,,,3,,ug m-3
124,concsspm25,GB1055R,2000-2019,winter,,,,,,4,,ug m-3
125,concsspm25,GB1055R,2000-2010,all,,,,,,0,,ug m-3
126,concsspm25,GB1055R,2000-2010,spring,,,,,,0,,ug m-3
127,concsspm25,GB1055R,2000-2010,summer,,,,,,0,,ug m-3
128,concsspm25,GB1055R,2000-2010,autumn,,,,,,0,,ug m-3
129,concsspm25,GB1055R,2000-2010,winter,,,,,,0,,ug m-3
130,concsspm25,GB1055R,2010-2019,all,,,,,,3,,ug m-3
131,concsspm25,GB1055R,2010-2019,spring,,,,,,3,,ug m-3
132,concsspm25,GB1055R,2010-2019,summer,,,,,,3,,ug m-3
133,concsspm25,GB1055R,2010-2019,autumn,,,,,,3,,ug m-3
134,concsspm25,GB1055R,2010-2019,winter,,,,,,4,,ug m-3
135,concsspm25,GB1055R,2005-2019,all,,,,,,3,,ug m-3
136,concsspm25,GB1055R,2005-2019,spring,,,,,,3,,ug m-3
137,concsspm25,GB1055R,2005-2019,summer,,,,,,3,,ug m-3
138,concsspm25,GB1055R,2005-2019,autumn,,,,,,3,,ug m-3
139,concsspm25,GB1055R,2005-2019,winter,,,,,,4,,ug m-3
140,concsspm25,PL0005R,2000-2019,all,,,,,,9,,ug m-3
141,concsspm25,PL0005R,2000-2019,spring,,,,,,9,,ug m-3
142,concsspm25,PL0005R,2000-2019,summer,,,,,,9,,ug m-3
143,concsspm25,PL0005R,2000-2019,autumn,,,,,,9,,ug m-3
144,concsspm25,PL0005R,2000-2019,winter,,,,,,10,,ug m-3
145,concsspm25,PL0005R,2000-2010,all,,,,,,1,,ug m-3
146,concsspm25,PL0005R,2000-2010,spring,,,,,,1,,ug m-3
147,concsspm25,PL0005R,2000-2010,summer,,,,,,1,,ug m-3
148,concsspm25,PL0005R,2000-2010,autumn,,,,,,1,,ug m-3
149,concsspm25,PL0005R,2000-2010,winter,,,,,,1,,ug m-3
150,concsspm25,PL0005R,2010-2019,all,-0.046756439465680505,5.122455118808475,0.11212510680779815,-5.2425707690417756e-05,0.005743544936800998,9,1.0,ug m-3
151,concsspm25,PL0005R,2010-2019,spring,-4.356114611915237,7.740576059659698,0.14345417262779342,-0.006249028175241417,0.010963256396944562,9,0.612202380952381,ug m-3
152,concsspm25,PL0005R,2010-2019,summer,8.670078191244562,8.279270121495292,0.07336880337624324,0.006361132620700768,0.005655055555204552,9,0.18018077601410934,ug m-3
153,concsspm25,PL0005R,2010-2019,autumn,-2.1183199434234514,4.545177811539383,0.12143716133303112,-0.00257242760724491,0.005494378196696443,9,0.612202380952381,ug m-3
154,concsspm25,PL0005R,2010-2019,winter,8.02298004579233,10.447529056823763,0.09062228817492723,0.007270608097314835,0.008883891575452356,10,0.21637345679012346,ug m-3
155,concsspm25,PL0005R,2005-2019,all,,,,,,9,,ug m-3
156,concsspm25,PL0005R,2005-2019,spring,,,,,,9,,ug m-3
157,concsspm25,PL0005R,2005-2019,summer,,,,,,9,,ug m-3
158,concsspm25,PL0005R,2005-2019,autumn,,,,,,9,,ug m-3
159,concsspm25,PL0005R,2005-2019,winter,13.397289269729843,22.65989348719848,0.05426924768835306,0.007270608097314835,0.008883891575452356,10,0.21637345679012346,ug m-3
160,concsspm25,FR0008R,2000-2019,all,,,,,,2,,ug m-3
161,concsspm25,FR0008R,2000-2019,spring,,,,,,2,,ug m-3
162,concsspm25,FR0008R,2000-2019,summer,,,,,,2,,ug m-3
163,concsspm25,FR0008R,2000-2019,autumn,,,,,,2,,ug m-3
164,concsspm25,FR0008R,2000-2019,winter,,,,,,2,,ug m-3
165,concsspm25,FR0008R,2000-2010,all,,,,,,0,,ug m-3
166,concsspm25,FR0008R,2000-2010,spring,,,,,,0,,ug m-3
167,concsspm25,FR0008R,2000-2010,summer,,,,,,0,,ug m-3
168,concsspm25,FR0008R,2000-2010,autumn,,,,,,0,,ug m-3
169,concsspm25,FR0008R,2000-2010,winter,,,,,,0,,ug m-3
170,concsspm25,FR0008R,2010-2019,all,,,,,,2,,ug m-3
171,concsspm25,FR0008R,2010-2019,spring,,,,,,2,,ug m-3
172,concsspm25,FR0008R,2010-2019,summer,,,,,,2,,ug m-3
173,concsspm25,FR0008R,2010-2019,autumn,,,,,,2,,ug m-3
174,concsspm25,FR0008R,2010-2019,winter,,,,,,2,,ug m-3
175,concsspm25,FR0008R,2005-2019,all,,,,,,2,,ug m-3
176,concsspm25,FR0008R,2005-2019,spring,,,,,,2,,ug m-3
177,concsspm25,FR0008R,2005-2019,summer,,,,,,2,,ug m-3
178,concsspm25,FR0008R,2005-2019,autumn,,,,,,2,,ug m-3
179,concsspm25,FR0008R,2005-2019,winter,,,,,,2,,ug m-3
180,concsspm25,ES0014R,2000-2019,all,,,,,,6,,ug m-3
181,concsspm25,ES0014R,2000-2019,spring,,,,,,5,,ug m-3
182,concsspm25,ES0014R,2000-2019,summer,,,,,,6,,ug m-3
183,concsspm25,ES0014R,2000-2019,autumn,,,,,,6,,ug m-3
184,concsspm25,ES0014R,2000-2019,winter,,,,,,7,,ug m-3
185,concsspm25,ES0014R,2000-2010,all,,,,,,0,,ug m-3
186,concsspm25,ES0014R,2000-2010,spring,,,,,,0,,ug m-3
187,concsspm25,ES0014R,2000-2010,summer,,,,,,0,,ug m-3
188,concsspm25,ES0014R,2000-2010,autumn,,,,,,0,,ug m-3
189,concsspm25,ES0014R,2000-2010,winter,,,,,,0,,ug m-3
190,concsspm25,ES0014R,2010-2019,all,,,,,,6,,ug m-3
191,concsspm25,ES0014R,2010-2019,spring,,,,,,5,,ug m-3
192,concsspm25,ES0014R,2010-2019,summer,,,,,,6,,ug m-3
193,concsspm25,ES0014R,2010-2019,autumn,,,,,,6,,ug m-3
194,concsspm25,ES0014R,2010-2019,winter,49.607873041475194,73.87873926211559,0.042078350981076595,0.02087417493263881,0.014324533132215343,7,0.2388888888888889,ug m-3
195,concsspm25,ES0014R,2005-2019,all,,,,,,6,,ug m-3
196,concsspm25,ES0014R,2005-2019,spring,,,,,,5,,ug m-3
197,concsspm25,ES0014R,2005-2019,summer,,,,,,6,,ug m-3
198,concsspm25,ES0014R,2005-2019,autumn,,,,,,6,,ug m-3
199,concsspm25,ES0014R,2005-2019,winter,,,,,,7,,ug m-3
200,concsspm25,FR0024R,2000-2019,all,,,,,,6,,ug m-3
201,concsspm25,FR0024R,2000-2019,spring,,,,,,6,,ug m-3
202,concsspm25,FR0024R,2000-2019,summer,,,,,,6,,ug m-3
203,concsspm25,FR0024R,2000-2019,autumn,,,,,,6,,ug m-3
204,concsspm25,FR0024R,2000-2019,winter,,,,,,6,,ug m-3
205,concsspm25,FR0024R,2000-2010,all,,,,,,0,,ug m-3
206,concsspm25,FR0024R,2000-2010,spring,,,,,,0,,ug m-3
207,concsspm25,FR0024R,2000-2010,summer,,,,,,0,,ug m-3
208,concsspm25,FR0024R,2000-2010,autumn,,,,,,0,,ug m-3
209,concsspm25,FR0024R,2000-2010,winter,,,,,,0,,ug m-3
210,concsspm25,FR0024R,2010-2019,all,,,,,,6,,ug m-3
211,concsspm25,FR0024R,2010-2019,spring,,,,,,6,,ug m-3
212,concsspm25,FR0024R,2010-2019,summer,,,,,,6,,ug m-3
213,concsspm25,FR0024R,2010-2019,autumn,,,,,,6,,ug m-3
214,concsspm25,FR0024R,2010-2019,winter,,,,,,6,,ug m-3
215,concsspm25,FR0024R,2005-2019,all,,,,,,6,,ug m-3
216,concsspm25,FR0024R,2005-2019,spring,,,,,,6,,ug m-3
217,concsspm25,FR0024R,2005-2019,summer,,,,,,6,,ug m-3
218,concsspm25,FR0024R,2005-2019,autumn,,,,,,6,,ug m-3
219,concsspm25,FR0024R,2005-2019,winter,,,,,,6,,ug m-3
220,concsspm25,GB0036R,2000-2019,all,,,,,,6,,ug m-3
221,concsspm25,GB0036R,2000-2019,spring,,,,,,5,,ug m-3
222,concsspm25,GB0036R,2000-2019,summer,,,,,,6,,ug m-3
223,concsspm25,GB0036R,2000-2019,autumn,,,,,,6,,ug m-3
224,concsspm25,GB0036R,2000-2019,winter,,,,,,7,,ug m-3
225,concsspm25,GB0036R,2000-2010,all,,,,,,1,,ug m-3
226,concsspm25,GB0036R,2000-2010,spring,,,,,,1,,ug m-3
227,concsspm25,GB0036R,2000-2010,summer,,,,,,1,,ug m-3
228,concsspm25,GB0036R,2000-2010,autumn,,,,,,1,,ug m-3
229,concsspm25,GB0036R,2000-2010,winter,,,,,,1,,ug m-3
230,concsspm25,GB0036R,2010-2019,all,,,,,,5,,ug m-3
231,concsspm25,GB0036R,2010-2019,spring,,,,,,4,,ug m-3
232,concsspm25,GB0036R,2010-2019,summer,,,,,,5,,ug m-3
233,concsspm25,GB0036R,2010-2019,autumn,,,,,,5,,ug m-3
234,concsspm25,GB0036R,2010-2019,winter,,,,,,6,,ug m-3
235,concsspm25,GB0036R,2005-2019,all,,,,,,6,,ug m-3
236,concsspm25,GB0036R,2005-2019,spring,,,,,,5,,ug m-3
237,concsspm25,GB0036R,2005-2019,summer,,,,,,6,,ug m-3
238,concsspm25,GB0036R,2005-2019,autumn,,,,,,6,,ug m-3
239,concsspm25,GB0036R,2005-2019,winter,,,,,,7,,ug m-3
240,concsspm25,AT0002R,2000-2019,all,,,,,,1,,ug m-3
241,concsspm25,AT0002R,2000-2019,spring,,,,,,1,,ug m-3
242,concsspm25,AT0002R,2000-2019,summer,,,,,,1,,ug m-3
243,concsspm25,AT0002R,2000-2019,autumn,,,,,,1,,ug m-3
244,concsspm25,AT0002R,2000-2019,winter,,,,,,1,,ug m-3
245,concsspm25,AT0002R,2000-2010,all,,,,,,1,,ug m-3
246,concsspm25,AT0002R,2000-2010,spring,,,,,,1,,ug m-3
247,concsspm25,AT0002R,2000-2010,summer,,,,,,1,,ug m-3
248,concsspm25,AT0002R,2000-2010,autumn,,,,,,1,,ug m-3
249,concsspm25,AT0002R,2000-2010,winter,,,,,,1,,ug m-3
250,concsspm25,AT0002R,2010-2019,all,,,,,,0,,ug m-3
251,concsspm25,AT0002R,2010-2019,spring,,,,,,0,,ug m-3
252,concsspm25,AT0002R,2010-2019,summer,,,,,,0,,ug m-3
253,concsspm25,AT0002R,2010-2019,autumn,,,,,,0,,ug m-3
254,concsspm25,AT0002R,2010-2019,winter,,,,,,0,,ug m-3
255,concsspm25,AT0002R,2005-2019,all,,,,,,0,,ug m-3
256,concsspm25,AT0002R,2005-2019,spring,,,,,,0,,ug m-3
257,concsspm25,AT0002R,2005-2019,summer,,,,,,0,,ug m-3
258,concsspm25,AT0002R,2005-2019,autumn,,,,,,0,,ug m-3
259,concsspm25,AT0002R,2005-2019,winter,,,,,,0,,ug m-3
260,concsspm25,SI0008R,2000-2019,all,,,,,,10,,ug m-3
261,concsspm25,SI0008R,2000-2019,spring,,,,,,10,,ug m-3
262,concsspm25,SI0008R,2000-2019,summer,,,,,,10,,ug m-3
263,concsspm25,SI0008R,2000-2019,autumn,,,,,,10,,ug m-3
264,concsspm25,SI0008R,2000-2019,winter,,,,,,10,,ug m-3
265,concsspm25,SI0008R,2000-2010,all,,,,,,1,,ug m-3
266,concsspm25,SI0008R,2000-2010,spring,,,,,,1,,ug m-3
267,concsspm25,SI0008R,2000-2010,summer,,,,,,1,,ug m-3
268,concsspm25,SI0008R,2000-2010,autumn,,,,,,1,,ug m-3
269,concsspm25,SI0008R,2000-2010,winter,,,,,,1,,ug m-3
270,concsspm25,SI0008R,2010-2019,all,5.8174319608043294,4.366780640695758,0.04624285015632354,0.0026901463445808205,0.0019011418917216354,10,0.21637345679012346,ug m-3
271,concsspm25,SI0008R,2010-2019,spring,5.883106083706028,5.9582559512025455,0.05949818839629492,0.0035003415412373,0.003395203092978114,10,0.21637345679012346,ug m-3
272,concsspm25,SI0008R,2010-2019,summer,1.7493607384960241,5.984002001371881,0.05116285694142183,0.0008950229320261213,0.0030436752364039425,10,0.8618005952380953,ug m-3
273,concsspm25,SI0008R,2010-2019,autumn,6.475881386789292,5.200584735160534,0.045216270722448826,0.0029281520595153196,0.0021695876494050026,10,0.6006536596119929,ug m-3
274,concsspm25,SI0008R,2010-2019,winter,8.895055660012288,5.848198265842707,0.039619357402746885,0.003524163893113534,0.002006640321471625,10,0.1557418430335097,ug m-3
275,concsspm25,SI0008R,2005-2019,all,8.203636950271594,7.371912890603102,0.03279211843341945,0.0026901463445808205,0.0019011418917216354,10,0.21637345679012346,ug m-3
276,concsspm25,SI0008R,2005-2019,spring,8.334844929188908,9.695276304554413,0.04199648069010842,0.0035003415412373,0.003395203092978114,10,0.21637345679012346,ug m-3
277,concsspm25,SI0008R,2005-2019,summer,1.9170405084779099,6.630081946386065,0.04668774228129122,0.0008950229320261213,0.0030436752364039425,10,0.8618005952380953,ug m-3
278,concsspm25,SI0008R,2005-2019,autumn,9.576788805243819,9.844243700806429,0.03057551042487222,0.0029281520595153196,0.0021695876494050026,10,0.6006536596119929,ug m-3
279,concsspm25,SI0008R,2005-2019,winter,16.019991433873557,17.345106334435204,0.021998537937179208,0.003524163893113534,0.002006640321471625,10,0.1557418430335097,ug m-3
280,concsspm25,IT0004R,2000-2019,all,,,,,,7,,ug m-3
281,concsspm25,IT0004R,2000-2019,spring,,,,,,5,,ug m-3
282,concsspm25,IT0004R,2000-2019,summer,,,,,,6,,ug m-3
283,concsspm25,IT0004R,2000-2019,autumn,,,,,,5,,ug m-3
284,concsspm25,IT0004R,2000-2019,winter,,,,,,7,,ug m-3
285,concsspm25,IT0004R,2000-2010,all,,,,,,2,,ug m-3
286,concsspm25,IT0004R,2000-2010,spring,,,,,,0,,ug m-3
287,concsspm25,IT0004R,2000-2010,summer,,,,,,1,,ug m-3
288,concsspm25,IT0004R,2000-2010,autumn,,,,,,0,,ug m-3
289,concsspm25,IT0004R,2000-2010,winter,,,,,,1,,ug m-3
290,concsspm25,IT0004R,2010-2019,all,,,,,,5,,ug m-3
291,concsspm25,IT0004R,2010-2019,spring,,,,,,5,,ug m-3
292,concsspm25,IT0004R,2010-2019,summer,,,,,,5,,ug m-3
293,concsspm25,IT0004R,2010-2019,autumn,,,,,,5,,ug m-3
294,concsspm25,IT0004R,2010-2019,winter,,,,,,6,,ug m-3
295,concsspm25,IT0004R,2005-2019,all,,,,,,7,,ug m-3
296,concsspm25,IT0004R,2005-2019,spring,,,,,,5,,ug m-3
297,concsspm25,IT0004R,2005-2019,summer,,,,,,6,,ug m-3
298,concsspm25,IT0004R,2005-2019,autumn,,,,,,5,,ug m-3
299,concsspm25,IT0004R,2005-2019,winter,,,,,,7,,ug m-3
300,concsspm25,CZ0003R,2000-2019,all,,,,,,3,,ug m-3
301,concsspm25,CZ0003R,2000-2019,spring,,,,,,3,,ug m-3
302,concsspm25,CZ0003R,2000-2019,summer,,,,,,3,,ug m-3
303,concsspm25,CZ0003R,2000-2019,autumn,,,,,,3,,ug m-3
304,concsspm25,CZ0003R,2000-2019,winter,,,,,,4,,ug m-3
305,concsspm25,CZ0003R,2000-2010,all,,,,,,0,,ug m-3
306,concsspm25,CZ0003R,2000-2010,spring,,,,,,0,,ug m-3
307,concsspm25,CZ0003R,2000-2010,summer,,,,,,0,,ug m-3
308,concsspm25,CZ0003R,2000-2010,autumn,,,,,,0,,ug m-3
309,concsspm25,CZ0003R,2000-2010,winter,,,,,,0,,ug m-3
310,concsspm25,CZ0003R,2010-2019,all,,,,,,3,,ug m-3
311,concsspm25,CZ0003R,2010-2019,spring,,,,,,3,,ug m-3
312,concsspm25,CZ0003R,2010-2019,summer,,,,,,3,,ug m-3
313,concsspm25,CZ0003R,2010-2019,autumn,,,,,,3,,ug m-3
314,concsspm25,CZ0003R,2010-2019,winter,,,,,,4,,ug m-3
315,concsspm25,CZ0003R,2005-2019,all,,,,,,3,,ug m-3
316,concsspm25,CZ0003R,2005-2019,spring,,,,,,3,,ug m-3
317,concsspm25,CZ0003R,2005-2019,summer,,,,,,3,,ug m-3
318,concsspm25,CZ0003R,2005-2019,autumn,,,,,,3,,ug m-3
319,concsspm25,CZ0003R,2005-2019,winter,,,,,,4,,ug m-3
320,concsspm25,DE0044R,2000-2019,all,-0.4161647820626933,1.0691259526571144,0.17886443598351132,-0.0007443707901984454,0.0019084134094771873,16,0.8943512599699821,ug m-3
321,concsspm25,DE0044R,2000-2019,spring,2.1364924381116692,2.1912105866184532,0.12473065250863631,0.0026648609588543577,0.0025856604954848676,16,0.45028488627204627,ug m-3
322,concsspm25,DE0044R,2000-2019,summer,0.5960012317041151,1.4692500180303392,0.1296297087023655,0.000772594660520555,0.0018985352670203163,16,0.8248012387069669,ug m-3
323,concsspm25,DE0044R,2000-2019,autumn,-0.29776528366583166,1.5364377546109202,0.17733541154302654,-0.000528043291221063,0.0027212515749313205,16,0.7565550254451803,ug m-3
324,concsspm25,DE0044R,2000-2019,winter,-0.8851201216185761,1.8063275563903143,0.18427311739928665,-0.0016310384408349077,0.0032705834601074544,16,0.45028488627204627,ug m-3
325,concsspm25,DE0044R,2000-2010,all,-4.1835107523393145,2.0586666672105554,0.23840395997588842,-0.009973655299594007,0.004652173879245915,7,0.06904761904761905,ug m-3
326,concsspm25,DE0044R,2000-2010,spring,-0.3640705521463659,7.895275512498958,0.14555707899853587,-0.0005299304611980915,0.011491624327997371,7,1.0,ug m-3
327,concsspm25,DE0044R,2000-2010,summer,-1.1499922932171398,3.7640333989139663,0.15146492620309193,-0.0017418349782625854,0.0056940511696868465,7,0.5619047619047619,ug m-3
328,concsspm25,DE0044R,2000-2010,autumn,-5.073059790686921,7.355922296950905,0.2571503976980845,-0.013045393427213031,0.01855781627818942,7,0.7726190476190476,ug m-3
329,concsspm25,DE0044R,2000-2010,winter,-6.298755127303226,15.093296935544029,0.31983674089941716,-0.020145733116401568,0.04768578004505899,7,0.3813492063492063,ug m-3
330,concsspm25,DE0044R,2010-2019,all,2.3457351106996103,3.4834504229026897,0.15274823635506135,0.003583069011155101,0.005291782661030695,10,0.4843127204585538,ug m-3
331,concsspm25,DE0044R,2010-2019,spring,-2.0993037120954545,4.562075948016166,0.1879433361547334,-0.003945501432532357,0.008530858407417923,10,0.6006536596119929,ug m-3
332,concsspm25,DE0044R,2010-2019,summer,2.666340042702993,2.6014735021504243,0.12268199088672796,0.0032711190481980643,0.003143207811646991,10,0.2912483465608466,ug m-3
333,concsspm25,DE0044R,2010-2019,autumn,1.1843453970962707,1.8420365988505951,0.16259720726382162,0.0019257125400361547,0.0029777968302369152,10,0.7274895282186948,ug m-3
334,concsspm25,DE0044R,2010-2019,winter,8.40638711058228,8.216211426327229,0.11188871033179265,0.009405798123528562,0.008552923074199095,10,0.2912483465608466,ug m-3
335,concsspm25,DE0044R,2005-2019,all,0.08618263018950631,1.3396207066316181,0.1675774145147039,0.00014442262343234333,0.002244810881980117,15,0.845841042458974,ug m-3
336,concsspm25,DE0044R,2005-2019,spring,2.019835632777228,2.266692986983163,0.13786433554357952,0.00278463297420078,0.0030465461313724526,15,0.5589660721223221,ug m-3
337,concsspm25,DE0044R,2005-2019,summer,1.242995026386488,1.62462566395535,0.12673025764524937,0.0015752507994572316,0.0020426648358503998,15,0.6971814254173712,ug m-3
338,concsspm25,DE0044R,2005-2019,autumn,0.5911862789638164,1.46303969597312,0.1636579687396685,0.000967523455619812,0.00238579158217479,15,0.845841042458974,ug m-3
339,concsspm25,DE0044R,2005-2019,winter,-0.9524014447607538,2.622685019605452,0.17451748996973038,-0.0016621070958319159,0.004542515613138672,15,0.4950508526248027,ug m-3
340,concsspm25,IT0001R,2000-2019,all,,,,,,2,,ug m-3
341,concsspm25,IT0001R,2000-2019,spring,,,,,,0,,ug m-3
342,concsspm25,IT0001R,2000-2019,summer,,,,,,1,,ug m-3
343,concsspm25,IT0001R,2000-2019,autumn,,,,,,0,,ug m-3
344,concsspm25,IT0001R,2000-2019,winter,,,,,,1,,ug m-3
345,concsspm25,IT0001R,2000-2010,all,,,,,,2,,ug m-3
346,concsspm25,IT0001R,2000-2010,spring,,,,,,0,,ug m-3
347,concsspm25,IT0001R,2000-2010,summer,,,,,,1,,ug m-3
348,concsspm25,IT0001R,2000-2010,autumn,,,,,,0,,ug m-3
349,concsspm25,IT0001R,2000-2010,winter,,,,,,1,,ug m-3
350,concsspm25,IT0001R,2010-2019,all,,,,,,0,,ug m-3
351,concsspm25,IT0001R,2010-2019,spring,,,,,,0,,ug m-3
352,concsspm25,IT0001R,2010-2019,summer,,,,,,0,,ug m-3
353,concsspm25,IT0001R,2010-2019,autumn,,,,,,0,,ug m-3
354,concsspm25,IT0001R,2010-2019,winter,,,,,,0,,ug m-3
355,concsspm25,IT0001R,2005-2019,all,,,,,,2,,ug m-3
356,concsspm25,IT0001R,2005-2019,spring,,,,,,0,,ug m-3
357,concsspm25,IT0001R,2005-2019,summer,,,,,,1,,ug m-3
358,concsspm25,IT0001R,2005-2019,autumn,,,,,,0,,ug m-3
359,concsspm25,IT0001R,2005-2019,winter,,,,,,1,,ug m-3
360,concsspm25,ES1778R,2000-2019,all,-1.2802527487748083,1.224443438778567,0.1920268852435036,-0.0024584294767166018,0.002312643472965355,18,0.32967360092730164,ug m-3
361,concsspm25,ES1778R,2000-2019,spring,-1.8322165610288064,1.3387084792382695,0.21997431326996192,-0.00403040579774163,0.0027631198366483006,18,0.2599200623942404,ug m-3
362,concsspm25,ES1778R,2000-2019,summer,-0.7499462357843929,0.747210197950065,0.2824028119444847,-0.0021178692579269407,0.002079193051608783,18,0.32967360092730164,ug m-3
363,concsspm25,ES1778R,2000-2019,autumn,-0.936177418334771,2.0813913965692605,0.15378412992383045,-0.0014396922973295059,0.0031680203456845553,17,0.8393415533036079,ug m-3
364,concsspm25,ES1778R,2000-2019,winter,-0.19653531754172696,2.403381478421848,0.09522087478803261,-0.00018714264863067012,0.002288001183515939,17,0.9676638168395322,ug m-3
365,concsspm25,ES1778R,2000-2010,all,-4.003211901376966,3.710044906063651,0.21739904360394136,-0.00870294438703268,0.00790826393990854,9,0.35848765432098767,ug m-3
366,concsspm25,ES1778R,2000-2010,spring,-4.113743431617796,5.061573398063747,0.2893000543117523,-0.011901061981916428,0.014361899925602807,9,0.35848765432098767,ug m-3
367,concsspm25,ES1778R,2000-2010,summer,0.7018569315316626,1.7382035975630583,0.24982802122831343,0.0017534352838993114,0.004330570499102279,9,0.761414241622575,ug m-3
368,concsspm25,ES1778R,2000-2010,autumn,2.0859435974060268,9.922396302983932,0.12644788968775952,0.002637631658996855,0.01248398646712303,8,0.9048611111111111,ug m-3
369,concsspm25,ES1778R,2000-2010,winter,-3.7731794559049154,1.9204130665454449,0.12144398627181849,-0.004582299540440241,0.0023032340738508433,8,0.014136904761904762,ug m-3
370,concsspm25,ES1778R,2010-2019,all,0.02215809772561948,2.9889023820248233,0.16478667635011013,3.6513592784457684e-05,0.004925308984934117,10,1.0,ug m-3
371,concsspm25,ES1778R,2010-2019,spring,2.298042278606629,6.159302418961459,0.15757569173971814,0.0036211560169855765,0.009651222597393726,10,0.8618005952380953,ug m-3
372,concsspm25,ES1778R,2010-2019,summer,-2.399212842386097,2.676939753385494,0.28294043242931366,-0.006788343191146851,0.007501150703146343,10,0.21637345679012346,ug m-3
373,concsspm25,ES1778R,2010-2019,autumn,-2.6740180219534206,3.8084556458741496,0.15992878781010705,-0.004276524608333908,0.006016300784216985,10,0.6006536596119929,ug m-3
374,concsspm25,ES1778R,2010-2019,winter,11.382330589919542,7.554235522641832,0.06024722196161747,0.00685753797491391,0.0037544861228929636,10,0.21637345679012346,ug m-3
375,concsspm25,ES1778R,2005-2019,all,-0.7360323031481325,1.2863511339456724,0.1741541952205201,-0.0012818311341106891,0.0022324257090816785,15,0.6264945175158468,ug m-3
376,concsspm25,ES1778R,2005-2019,spring,-1.2044824413028505,2.185955133476012,0.19261256097392604,-0.0023199844766746856,0.004179847068511523,15,0.43511891093211363,ug m-3
377,concsspm25,ES1778R,2005-2019,summer,-0.9229967047657998,0.9798585099002539,0.2783315715690453,-0.002568991233905152,0.0027085269490877808,15,0.23945881568583288,ug m-3
378,concsspm25,ES1778R,2005-2019,autumn,-0.9304036724878543,2.363252206145355,0.14755768980830908,-0.0013728821650147438,0.0034674157698949175,15,0.845841042458974,ug m-3
379,concsspm25,ES1778R,2005-2019,winter,1.8645874902494004,3.0241022724420663,0.07974709266865695,0.0014869543137373742,0.002374411549507862,15,0.770495669755301,ug m-3
380,concsspm25,DE0007R,2000-2019,all,,,,,,9,,ug m-3
381,concsspm25,DE0007R,2000-2019,spring,,,,,,9,,ug m-3
382,concsspm25,DE0007R,2000-2019,summer,,,,,,9,,ug m-3
383,concsspm25,DE0007R,2000-2019,autumn,,,,,,9,,ug m-3
384,concsspm25,DE0007R,2000-2019,winter,,,,,,9,,ug m-3
385,concsspm25,DE0007R,2000-2010,all,,,,,,0,,ug m-3
386,concsspm25,DE0007R,2000-2010,spring,,,,,,0,,ug m-3
387,concsspm25,DE0007R,2000-2010,summer,,,,,,0,,ug m-3
388,concsspm25,DE0007R,2000-2010,autumn,,,,,,0,,ug m-3
389,concsspm25,DE0007R,2000-2010,winter,,,,,,0,,ug m-3
390,concsspm25,DE0007R,2010-2019,all,-0.35089063376559415,2.734067731225717,0.24853109572237975,-0.0008720723368848337,0.006794155420114602,9,0.919455467372134,ug m-3
391,concsspm25,DE0007R,2010-2019,spring,-0.6171853383659842,4.114467642060273,0.29997762183969223,-0.0018514179003735372,0.012335915490984919,9,0.761414241622575,ug m-3
392,concsspm25,DE0007R,2010-2019,summer,-1.8960853276790404,4.568700746511298,0.22058697401856386,-0.004182517249137166,0.010053126141428944,9,0.761414241622575,ug m-3
393,concsspm25,DE0007R,2010-2019,autumn,3.6585464695588183,7.244806253947498,0.1615076427244478,0.005908832160962954,0.011489428993728425,9,0.612202380952381,ug m-3
394,concsspm25,DE0007R,2010-2019,winter,3.6565016057303925,8.001509457590746,0.2226076150933901,0.008139651020367941,0.017534887004229754,9,0.761414241622575,ug m-3
395,concsspm25,DE0007R,2005-2019,all,,,,,,9,,ug m-3
396,concsspm25,DE0007R,2005-2019,spring,,,,,,9,,ug m-3
397,concsspm25,DE0007R,2005-2019,summer,,,,,,9,,ug m-3
398,concsspm25,DE0007R,2005-2019,autumn,,,,,,9,,ug m-3
399,concsspm25,DE0007R,2005-2019,winter,,,,,,9,,ug m-3
400,concsspm25,ES0008R,2000-2019,all,,,,,,8,,ug m-3
401,concsspm25,ES0008R,2000-2019,spring,,,,,,7,,ug m-3
402,concsspm25,ES0008R,2000-2019,summer,,,,,,8,,ug m-3
403,concsspm25,ES0008R,2000-2019,autumn,,,,,,8,,ug m-3
404,concsspm25,ES0008R,2000-2019,winter,,,,,,7,,ug m-3
405,concsspm25,ES0008R,2000-2010,all,,,,,,0,,ug m-3
406,concsspm25,ES0008R,2000-2010,spring,,,,,,0,,ug m-3
407,concsspm25,ES0008R,2000-2010,summer,,,,,,0,,ug m-3
408,concsspm25,ES0008R,2000-2010,autumn,,,,,,0,,ug m-3
409,concsspm25,ES0008R,2000-2010,winter,,,,,,0,,ug m-3
410,concsspm25,ES0008R,2010-2019,all,1.0972920233848815,2.5640877926741057,0.3803812098689378,0.00417389267434676,0.009747289901687987,8,0.5484126984126985,ug m-3
411,concsspm25,ES0008R,2010-2019,spring,8.845314357809524,8.77871421468819,0.3346521258354187,0.029601032535235085,0.028285405288139984,7,0.1361111111111111,ug m-3
412,concsspm25,ES0008R,2010-2019,summer,-2.0299235832216085,2.6726809136128655,0.5880468656619389,-0.011936902006467187,0.015642675674623917,8,0.27509920634920637,ug m-3
413,concsspm25,ES0008R,2010-2019,autumn,-2.96770200918309,2.9820442712316915,0.3901177713026603,-0.011577532937129341,0.011554456315934665,8,0.5484126984126985,ug m-3
414,concsspm25,ES0008R,2010-2019,winter,14.96980744981031,11.522576643354707,0.16792249431212736,0.025137674063444138,0.01684284582734108,7,0.1361111111111111,ug m-3
415,concsspm25,ES0008R,2005-2019,all,,,,,,8,,ug m-3
416,concsspm25,ES0008R,2005-2019,spring,,,,,,7,,ug m-3
417,concsspm25,ES0008R,2005-2019,summer,,,,,,8,,ug m-3
418,concsspm25,ES0008R,2005-2019,autumn,,,,,,8,,ug m-3
419,concsspm25,ES0008R,2005-2019,winter,,,,,,7,,ug m-3
420,concsspm25,FI0036R,2000-2019,all,,,,,,2,,ug m-3
421,concsspm25,FI0036R,2000-2019,spring,,,,,,2,,ug m-3
422,concsspm25,FI0036R,2000-2019,summer,,,,,,2,,ug m-3
423,concsspm25,FI0036R,2000-2019,autumn,,,,,,2,,ug m-3
424,concsspm25,FI0036R,2000-2019,winter,,,,,,3,,ug m-3
425,concsspm25,FI0036R,2000-2010,all,,,,,,0,,ug m-3
426,concsspm25,FI0036R,2000-2010,spring,,,,,,0,,ug m-3
427,concsspm25,FI0036R,2000-2010,summer,,,,,,0,,ug m-3
428,concsspm25,FI0036R,2000-2010,autumn,,,,,,0,,ug m-3
429,concsspm25,FI0036R,2000-2010,winter,,,,,,0,,ug m-3
430,concsspm25,FI0036R,2010-2019,all,,,,,,2,,ug m-3
431,concsspm25,FI0036R,2010-2019,spring,,,,,,2,,ug m-3
432,concsspm25,FI0036R,2010-2019,summer,,,,,,2,,ug m-3
433,concsspm25,FI0036R,2010-2019,autumn,,,,,,2,,ug m-3
434,concsspm25,FI0036R,2010-2019,winter,,,,,,3,,ug m-3
435,concsspm25,FI0036R,2005-2019,all,,,,,,2,,ug m-3
436,concsspm25,FI0036R,2005-2019,spring,,,,,,2,,ug m-3
437,concsspm25,FI0036R,2005-2019,summer,,,,,,2,,ug m-3
438,concsspm25,FI0036R,2005-2019,autumn,,,,,,2,,ug m-3
439,concsspm25,FI0036R,2005-2019,winter,,,,,,3,,ug m-3
440,concsspm25,FR0013R,2000-2019,all,,,,,,7,,ug m-3
441,concsspm25,FR0013R,2000-2019,spring,,,,,,6,,ug m-3
442,concsspm25,FR0013R,2000-2019,summer,,,,,,5,,ug m-3
443,concsspm25,FR0013R,2000-2019,autumn,,,,,,7,,ug m-3
444,concsspm25,FR0013R,2000-2019,winter,,,,,,7,,ug m-3
445,concsspm25,FR0013R,2000-2010,all,,,,,,0,,ug m-3
446,concsspm25,FR0013R,2000-2010,spring,,,,,,0,,ug m-3
447,concsspm25,FR0013R,2000-2010,summer,,,,,,0,,ug m-3
448,concsspm25,FR0013R,2000-2010,autumn,,,,,,0,,ug m-3
449,concsspm25,FR0013R,2000-2010,winter,,,,,,0,,ug m-3
450,concsspm25,FR0013R,2010-2019,all,-1.0484942482447812,7.436345439156068,0.22520291265100245,-0.0023612395860254792,0.01673963287224372,7,0.7726190476190476,ug m-3
451,concsspm25,FR0013R,2010-2019,spring,,,,,,6,,ug m-3
452,concsspm25,FR0013R,2010-2019,summer,,,,,,5,,ug m-3
453,concsspm25,FR0013R,2010-2019,autumn,23.225295607635278,51.0274164678735,0.06099837273359299,0.014167052383224169,0.022349266801029444,7,0.7726190476190476,ug m-3
454,concsspm25,FR0013R,2010-2019,winter,6.024810987570219,28.51371472839353,0.1903375302751859,0.011467476437489193,0.053224856344362095,7,1.0,ug m-3
455,concsspm25,FR0013R,2005-2019,all,,,,,,7,,ug m-3
456,concsspm25,FR0013R,2005-2019,spring,,,,,,6,,ug m-3
457,concsspm25,FR0013R,2005-2019,summer,,,,,,5,,ug m-3
458,concsspm25,FR0013R,2005-2019,autumn,,,,,,7,,ug m-3
459,concsspm25,FR0013R,2005-2019,winter,,,,,,7,,ug m-3
460,concsspm25,FR0009R,2000-2019,all,,,,,,7,,ug m-3
461,concsspm25,FR0009R,2000-2019,spring,,,,,,7,,ug m-3
462,concsspm25,FR0009R,2000-2019,summer,,,,,,7,,ug m-3
463,concsspm25,FR0009R,2000-2019,autumn,,,,,,7,,ug m-3
464,concsspm25,FR0009R,2000-2019,winter,,,,,,7,,ug m-3
465,concsspm25,FR0009R,2000-2010,all,,,,,,0,,ug m-3
466,concsspm25,FR0009R,2000-2010,spring,,,,,,0,,ug m-3
467,concsspm25,FR0009R,2000-2010,summer,,,,,,0,,ug m-3
468,concsspm25,FR0009R,2000-2010,autumn,,,,,,0,,ug m-3
469,concsspm25,FR0009R,2000-2010,winter,,,,,,0,,ug m-3
470,concsspm25,FR0009R,2010-2019,all,9.565035310249696,6.649710968348228,0.17867555226566223,0.017090379664994243,0.01088940172145765,7,0.2388888888888889,ug m-3
471,concsspm25,FR0009R,2010-2019,spring,8.345515459267151,16.469183445052703,0.16255461921294534,0.013566020876169205,0.025719533984859787,7,0.7726190476190476,ug m-3
472,concsspm25,FR0009R,2010-2019,summer,-2.3976731417776156,4.891500220965931,0.2819366455078125,-0.006759919226169586,0.013749538817339473,7,0.5619047619047619,ug m-3
473,concsspm25,FR0009R,2010-2019,autumn,5.94120370644826,15.635592389315969,0.2128172020117442,0.012643903493881226,0.032690415158867836,7,0.5619047619047619,ug m-3
474,concsspm25,FR0009R,2010-2019,winter,86.8912050958451,369.8801107213351,0.04536713659763336,0.039420051707161806,0.04783048604925473,7,0.3813492063492063,ug m-3
475,concsspm25,FR0009R,2005-2019,all,,,,,,7,,ug m-3
476,concsspm25,FR0009R,2005-2019,spring,,,,,,7,,ug m-3
477,concsspm25,FR0009R,2005-2019,summer,,,,,,7,,ug m-3
478,concsspm25,FR0009R,2005-2019,autumn,,,,,,7,,ug m-3
479,concsspm25,FR0009R,2005-2019,winter,,,,,,7,,ug m-3
480,concsspm25,LV0010R,2000-2019,all,,,,,,12,,ug m-3
481,concsspm25,LV0010R,2000-2019,spring,,,,,,12,,ug m-3
482,concsspm25,LV0010R,2000-2019,summer,,,,,,12,,ug m-3
483,concsspm25,LV0010R,2000-2019,autumn,,,,,,12,,ug m-3
484,concsspm25,LV0010R,2000-2019,winter,,,,,,12,,ug m-3
485,concsspm25,LV0010R,2000-2010,all,,,,,,3,,ug m-3
486,concsspm25,LV0010R,2000-2010,spring,,,,,,3,,ug m-3
487,concsspm25,LV0010R,2000-2010,summer,,,,,,3,,ug m-3
488,concsspm25,LV0010R,2000-2010,autumn,,,,,,3,,ug m-3
489,concsspm25,LV0010R,2000-2010,winter,,,,,,3,,ug m-3
490,concsspm25,LV0010R,2010-2019,all,1.9194902860950238,3.529115008094341,0.19899999629706144,0.0038197855982515516,0.006980860770934008,10,0.6006536596119929,ug m-3
491,concsspm25,LV0010R,2010-2019,spring,1.5367430581729142,6.695478307568874,0.2041914833088716,0.003137898445129389,0.013629980488783784,10,0.8618005952380953,ug m-3
492,concsspm25,LV0010R,2010-2019,summer,2.387642866859102,5.188228880240172,0.18778457383935648,0.004483624982337158,0.009670036844909188,10,0.7274895282186948,ug m-3
493,concsspm25,LV0010R,2010-2019,autumn,0.022001007944001914,4.744995746252143,0.20401614780227345,4.488560888502487e-05,0.009680551787217457,10,1.0,ug m-3
494,concsspm25,LV0010R,2010-2019,winter,2.9486229063313383,5.5981716163659,0.2347255563363433,0.0069211715211470876,0.012961323041882782,10,0.4843127204585538,ug m-3
495,concsspm25,LV0010R,2005-2019,all,1.9580590271547207,2.354596628683114,0.1853416849471008,0.0036290995931873692,0.004255670908782065,12,0.8405883696421891,ug m-3
496,concsspm25,LV0010R,2005-2019,spring,9.282626646577215,8.872649199863947,0.10977949437995752,0.010190420597791672,0.0065369979323198395,12,0.24957952123750735,ug m-3
497,concsspm25,LV0010R,2005-2019,summer,-0.46777079500296137,2.307645906328161,0.23217132185689274,-0.0010860296380188713,0.005351325600511499,12,0.9465592891547753,ug m-3
498,concsspm25,LV0010R,2005-2019,autumn,-2.2545846789723862,2.261842168265388,0.2594394619680113,-0.005849282360739174,0.005719711072742938,12,0.5452047007776174,ug m-3
499,concsspm25,LV0010R,2005-2019,winter,1.123093517735963,4.567558374893734,0.24270179874396752,0.0027257681691220826,0.011012264009979034,12,0.7373055246579552,ug m-3
500,concsspm25,FR0023R,2000-2019,all,,,,,,6,,ug m-3
501,concsspm25,FR0023R,2000-2019,spring,,,,,,6,,ug m-3
502,concsspm25,FR0023R,2000-2019,summer,,,,,,6,,ug m-3
503,concsspm25,FR0023R,2000-2019,autumn,,,,,,6,,ug m-3
504,concsspm25,FR0023R,2000-2019,winter,,,,,,6,,ug m-3
505,concsspm25,FR0023R,2000-2010,all,,,,,,0,,ug m-3
506,concsspm25,FR0023R,2000-2010,spring,,,,,,0,,ug m-3
507,concsspm25,FR0023R,2000-2010,summer,,,,,,0,,ug m-3
508,concsspm25,FR0023R,2000-2010,autumn,,,,,,0,,ug m-3
509,concsspm25,FR0023R,2000-2010,winter,,,,,,0,,ug m-3
510,concsspm25,FR0023R,2010-2019,all,,,,,,6,,ug m-3
511,concsspm25,FR0023R,2010-2019,spring,,,,,,6,,ug m-3
512,concsspm25,FR0023R,2010-2019,summer,,,,,,6,,ug m-3
513,concsspm25,FR0023R,2010-2019,autumn,,,,,,6,,ug m-3
514,concsspm25,FR0023R,2010-2019,winter,,,,,,6,,ug m-3
515,concsspm25,FR0023R,2005-2019,all,,,,,,6,,ug m-3
516,concsspm25,FR0023R,2005-2019,spring,,,,,,6,,ug m-3
517,concsspm25,FR0023R,2005-2019,summer,,,,,,6,,ug m-3
518,concsspm25,FR0023R,2005-2019,autumn,,,,,,6,,ug m-3
519,concsspm25,FR0023R,2005-2019,winter,,,,,,6,,ug m-3
520,concsspm25,ES0001R,2000-2019,all,,,,,,7,,ug m-3
521,concsspm25,ES0001R,2000-2019,spring,,,,,,6,,ug m-3
522,concsspm25,ES0001R,2000-2019,summer,,,,,,7,,ug m-3
523,concsspm25,ES0001R,2000-2019,autumn,,,,,,7,,ug m-3
524,concsspm25,ES0001R,2000-2019,winter,,,,,,7,,ug m-3
525,concsspm25,ES0001R,2000-2010,all,,,,,,0,,ug m-3
526,concsspm25,ES0001R,2000-2010,spring,,,,,,0,,ug m-3
527,concsspm25,ES0001R,2000-2010,summer,,,,,,0,,ug m-3
528,concsspm25,ES0001R,2000-2010,autumn,,,,,,0,,ug m-3
529,concsspm25,ES0001R,2000-2010,winter,,,,,,0,,ug m-3
530,concsspm25,ES0001R,2010-2019,all,-0.023131040935788688,2.4734527232705172,0.1318738290315701,-3.050378937688447e-05,0.0032618354811954006,7,1.0,ug m-3
531,concsspm25,ES0001R,2010-2019,spring,,,,,,6,,ug m-3
532,concsspm25,ES0001R,2010-2019,summer,3.1761188284256545,5.597025064960858,0.09443025942891836,0.0029992172494530678,0.005257655762963822,7,0.3813492063492063,ug m-3
533,concsspm25,ES0001R,2010-2019,autumn,-2.6876341123372285,5.16180013229151,0.12451937111715478,-0.003346625094612442,0.006401293103893599,7,0.5619047619047619,ug m-3
534,concsspm25,ES0001R,2010-2019,winter,-3.122069821636466,8.972841271391472,0.20454095692063368,-0.006385911488905549,0.018241546013289027,7,0.7726190476190476,ug m-3
535,concsspm25,ES0001R,2005-2019,all,,,,,,7,,ug m-3
536,concsspm25,ES0001R,2005-2019,spring,,,,,,6,,ug m-3
537,concsspm25,ES0001R,2005-2019,summer,,,,,,7,,ug m-3
538,concsspm25,ES0001R,2005-2019,autumn,,,,,,7,,ug m-3
539,concsspm25,ES0001R,2005-2019,winter,,,,,,7,,ug m-3
540,concsspm25,DE0003R,2000-2019,all,,,,,,9,,ug m-3
541,concsspm25,DE0003R,2000-2019,spring,,,,,,9,,ug m-3
542,concsspm25,DE0003R,2000-2019,summer,,,,,,9,,ug m-3
543,concsspm25,DE0003R,2000-2019,autumn,,,,,,9,,ug m-3
544,concsspm25,DE0003R,2000-2019,winter,,,,,,9,,ug m-3
545,concsspm25,DE0003R,2000-2010,all,,,,,,0,,ug m-3
546,concsspm25,DE0003R,2000-2010,spring,,,,,,0,,ug m-3
547,concsspm25,DE0003R,2000-2010,summer,,,,,,0,,ug m-3
548,concsspm25,DE0003R,2000-2010,autumn,,,,,,0,,ug m-3
549,concsspm25,DE0003R,2000-2010,winter,,,,,,0,,ug m-3
550,concsspm25,DE0003R,2010-2019,all,-0.943405208681988,3.373055435152224,0.08941164806795618,-0.0008435141450415067,0.00301389074884355,9,0.919455467372134,ug m-3
551,concsspm25,DE0003R,2010-2019,spring,-5.807612197053076,2.5752491920834832,0.11483475236621288,-0.006669157084875874,0.0027713592474659307,9,0.02474096119929453,ug m-3
552,concsspm25,DE0003R,2010-2019,summer,-1.411347142886194,4.803134691433729,0.08845928632136849,-0.001248467610114152,0.004241464304782096,9,0.612202380952381,ug m-3
553,concsspm25,DE0003R,2010-2019,autumn,10.579331471758199,7.536187459188029,0.05333749215222067,0.005642750093506441,0.0037208554955820245,9,0.07517636684303351,ug m-3
554,concsspm25,DE0003R,2010-2019,winter,1.3768051370023813,5.189053789745554,0.07688090577721596,0.0010585002601146698,0.003979499141375227,9,0.919455467372134,ug m-3
555,concsspm25,DE0003R,2005-2019,all,,,,,,9,,ug m-3
556,concsspm25,DE0003R,2005-2019,spring,,,,,,9,,ug m-3
557,concsspm25,DE0003R,2005-2019,summer,,,,,,9,,ug m-3
558,concsspm25,DE0003R,2005-2019,autumn,,,,,,9,,ug m-3
559,concsspm25,DE0003R,2005-2019,winter,,,,,,9,,ug m-3
560,concsspm25,DE0008R,2000-2019,all,,,,,,9,,ug m-3
561,concsspm25,DE0008R,2000-2019,spring,,,,,,9,,ug m-3
562,concsspm25,DE0008R,2000-2019,summer,,,,,,9,,ug m-3
563,concsspm25,DE0008R,2000-2019,autumn,,,,,,9,,ug m-3
564,concsspm25,DE0008R,2000-2019,winter,,,,,,9,,ug m-3
565,concsspm25,DE0008R,2000-2010,all,,,,,,0,,ug m-3
566,concsspm25,DE0008R,2000-2010,spring,,,,,,0,,ug m-3
567,concsspm25,DE0008R,2000-2010,summer,,,,,,0,,ug m-3
568,concsspm25,DE0008R,2000-2010,autumn,,,,,,0,,ug m-3
569,concsspm25,DE0008R,2000-2010,winter,,,,,,0,,ug m-3
570,concsspm25,DE0008R,2010-2019,all,0.24874931042188358,1.8592379403192587,0.13017998407373116,0.00032382181269072414,0.0024200132530596504,9,0.761414241622575,ug m-3
571,concsspm25,DE0008R,2010-2019,spring,-2.3941340858026234,4.861540304788559,0.18575246048913827,-0.00444716297178751,0.0089766767496864,9,0.612202380952381,ug m-3
572,concsspm25,DE0008R,2010-2019,summer,0.011195442179884203,3.6406150885786506,0.12024220855285724,1.346164693435091e-05,0.004377555350462597,9,1.0,ug m-3
573,concsspm25,DE0008R,2010-2019,autumn,2.1873860590183933,6.627745447049437,0.1044798248137037,0.0022853771224617945,0.00690134468410785,9,0.612202380952381,ug m-3
574,concsspm25,DE0008R,2010-2019,winter,3.150450203633972,3.755285892271327,0.12007834079364935,0.0037830083320538207,0.004430808385627136,9,0.25951829805996474,ug m-3
575,concsspm25,DE0008R,2005-2019,all,,,,,,9,,ug m-3
576,concsspm25,DE0008R,2005-2019,spring,,,,,,9,,ug m-3
577,concsspm25,DE0008R,2005-2019,summer,,,,,,9,,ug m-3
578,concsspm25,DE0008R,2005-2019,autumn,,,,,,9,,ug m-3
579,concsspm25,DE0008R,2005-2019,winter,,,,,,9,,ug m-3
580,concsspm25,FI0009R,2000-2019,all,,,,,,2,,ug m-3
581,concsspm25,FI0009R,2000-2019,spring,,,,,,2,,ug m-3
582,concsspm25,FI0009R,2000-2019,summer,,,,,,2,,ug m-3
583,concsspm25,FI0009R,2000-2019,autumn,,,,,,2,,ug m-3
584,concsspm25,FI0009R,2000-2019,winter,,,,,,3,,ug m-3
585,concsspm25,FI0009R,2000-2010,all,,,,,,0,,ug m-3
586,concsspm25,FI0009R,2000-2010,spring,,,,,,0,,ug m-3
587,concsspm25,FI0009R,2000-2010,summer,,,,,,0,,ug m-3
588,concsspm25,FI0009R,2000-2010,autumn,,,,,,0,,ug m-3
589,concsspm25,FI0009R,2000-2010,winter,,,,,,0,,ug m-3
590,concsspm25,FI0009R,2010-2019,all,,,,,,2,,ug m-3
591,concsspm25,FI0009R,2010-2019,spring,,,,,,2,,ug m-3
592,concsspm25,FI0009R,2010-2019,summer,,,,,,2,,ug m-3
593,concsspm25,FI0009R,2010-2019,autumn,,,,,,2,,ug m-3
594,concsspm25,FI0009R,2010-2019,winter,,,,,,3,,ug m-3
595,concsspm25,FI0009R,2005-2019,all,,,,,,2,,ug m-3
596,concsspm25,FI0009R,2005-2019,spring,,,,,,2,,ug m-3
597,concsspm25,FI0009R,2005-2019,summer,,,,,,2,,ug m-3
598,concsspm25,FI0009R,2005-2019,autumn,,,,,,2,,ug m-3
599,concsspm25,FI0009R,2005-2019,winter,,,,,,3,,ug m-3
600,concsspm25,FR0025R,2000-2019,all,,,,,,6,,ug m-3
601,concsspm25,FR0025R,2000-2019,spring,,,,,,6,,ug m-3
602,concsspm25,FR0025R,2000-2019,summer,,,,,,6,,ug m-3
603,concsspm25,FR0025R,2000-2019,autumn,,,,,,6,,ug m-3
604,concsspm25,FR0025R,2000-2019,winter,,,,,,6,,ug m-3
605,concsspm25,FR0025R,2000-2010,all,,,,,,0,,ug m-3
606,concsspm25,FR0025R,2000-2010,spring,,,,,,0,,ug m-3
607,concsspm25,FR0025R,2000-2010,summer,,,,,,0,,ug m-3
608,concsspm25,FR0025R,2000-2010,autumn,,,,,,0,,ug m-3
609,concsspm25,FR0025R,2000-2010,winter,,,,,,0,,ug m-3
610,concsspm25,FR0025R,2010-2019,all,,,,,,6,,ug m-3
611,concsspm25,FR0025R,2010-2019,spring,,,,,,6,,ug m-3
612,concsspm25,FR0025R,2010-2019,summer,,,,,,6,,ug m-3
613,concsspm25,FR0025R,2010-2019,autumn,,,,,,6,,ug m-3
614,concsspm25,FR0025R,2010-2019,winter,,,,,,6,,ug m-3
615,concsspm25,FR0025R,2005-2019,all,,,,,,6,,ug m-3
616,concsspm25,FR0025R,2005-2019,spring,,,,,,6,,ug m-3
617,concsspm25,FR0025R,2005-2019,summer,,,,,,6,,ug m-3
618,concsspm25,FR0025R,2005-2019,autumn,,,,,,6,,ug m-3
619,concsspm25,FR0025R,2005-2019,winter,,,,,,6,,ug m-3
620,concsspm25,FI0017R,2000-2019,all,,,,,,4,,ug m-3
621,concsspm25,FI0017R,2000-2019,spring,,,,,,2,,ug m-3
622,concsspm25,FI0017R,2000-2019,summer,,,,,,3,,ug m-3
623,concsspm25,FI0017R,2000-2019,autumn,,,,,,2,,ug m-3
624,concsspm25,FI0017R,2000-2019,winter,,,,,,4,,ug m-3
625,concsspm25,FI0017R,2000-2010,all,,,,,,2,,ug m-3
626,concsspm25,FI0017R,2000-2010,spring,,,,,,0,,ug m-3
627,concsspm25,FI0017R,2000-2010,summer,,,,,,1,,ug m-3
628,concsspm25,FI0017R,2000-2010,autumn,,,,,,0,,ug m-3
629,concsspm25,FI0017R,2000-2010,winter,,,,,,1,,ug m-3
630,concsspm25,FI0017R,2010-2019,all,,,,,,2,,ug m-3
631,concsspm25,FI0017R,2010-2019,spring,,,,,,2,,ug m-3
632,concsspm25,FI0017R,2010-2019,summer,,,,,,2,,ug m-3
633,concsspm25,FI0017R,2010-2019,autumn,,,,,,2,,ug m-3
634,concsspm25,FI0017R,2010-2019,winter,,,,,,3,,ug m-3
635,concsspm25,FI0017R,2005-2019,all,,,,,,4,,ug m-3
636,concsspm25,FI0017R,2005-2019,spring,,,,,,2,,ug m-3
637,concsspm25,FI0017R,2005-2019,summer,,,,,,3,,ug m-3
638,concsspm25,FI0017R,2005-2019,autumn,,,,,,2,,ug m-3
639,concsspm25,FI0017R,2005-2019,winter,,,,,,4,,ug m-3
640,concsspm25,ES0007R,2000-2019,all,,,,,,7,,ug m-3
641,concsspm25,ES0007R,2000-2019,spring,,,,,,6,,ug m-3
642,concsspm25,ES0007R,2000-2019,summer,,,,,,7,,ug m-3
643,concsspm25,ES0007R,2000-2019,autumn,,,,,,7,,ug m-3
644,concsspm25,ES0007R,2000-2019,winter,,,,,,7,,ug m-3
645,concsspm25,ES0007R,2000-2010,all,,,,,,0,,ug m-3
646,concsspm25,ES0007R,2000-2010,spring,,,,,,0,,ug m-3
647,concsspm25,ES0007R,2000-2010,summer,,,,,,0,,ug m-3
648,concsspm25,ES0007R,2000-2010,autumn,,,,,,0,,ug m-3
649,concsspm25,ES0007R,2000-2010,winter,,,,,,0,,ug m-3
650,concsspm25,ES0007R,2010-2019,all,3.3922276311890003,9.773622473437173,0.1061506076560666,0.0036008702435841172,0.010320652121057112,7,0.5619047619047619,ug m-3
651,concsspm25,ES0007R,2010-2019,spring,,,,,,6,,ug m-3
652,concsspm25,ES0007R,2010-2019,summer,0.575212090142243,8.340757797367994,0.18827993422746658,0.0010830089449882507,0.015702796479066205,7,1.0,ug m-3
653,concsspm25,ES0007R,2010-2019,autumn,2.5992022788399733,6.696955063460636,0.06874457870920501,0.001786810656388596,0.004584501187006634,7,0.5619047619047619,ug m-3
654,concsspm25,ES0007R,2010-2019,winter,2.858308748012,14.18260684090261,0.0861545776327451,0.002462563829289543,0.012110083550214767,7,0.7726190476190476,ug m-3
655,concsspm25,ES0007R,2005-2019,all,,,,,,7,,ug m-3
656,concsspm25,ES0007R,2005-2019,spring,,,,,,6,,ug m-3
657,concsspm25,ES0007R,2005-2019,summer,,,,,,7,,ug m-3
658,concsspm25,ES0007R,2005-2019,autumn,,,,,,7,,ug m-3
659,concsspm25,ES0007R,2005-2019,winter,,,,,,7,,ug m-3
660,concsspm25,DE0002R,2000-2019,all,,,,,,9,,ug m-3
661,concsspm25,DE0002R,2000-2019,spring,,,,,,9,,ug m-3
662,concsspm25,DE0002R,2000-2019,summer,,,,,,9,,ug m-3
663,concsspm25,DE0002R,2000-2019,autumn,,,,,,9,,ug m-3
664,concsspm25,DE0002R,2000-2019,winter,,,,,,9,,ug m-3
665,concsspm25,DE0002R,2000-2010,all,,,,,,0,,ug m-3
666,concsspm25,DE0002R,2000-2010,spring,,,,,,0,,ug m-3
667,concsspm25,DE0002R,2000-2010,summer,,,,,,0,,ug m-3
668,concsspm25,DE0002R,2000-2010,autumn,,,,,,0,,ug m-3
669,concsspm25,DE0002R,2000-2010,winter,,,,,,0,,ug m-3
670,concsspm25,DE0002R,2010-2019,all,-0.8868684727286161,2.3726952886051476,0.28868716212713885,-0.0025602754257205403,0.006842653207953962,9,0.612202380952381,ug m-3
671,concsspm25,DE0002R,2010-2019,spring,-2.1291494841604606,5.037818853480057,0.37194558621073753,-0.00791927753016352,0.01866119520531761,9,0.919455467372134,ug m-3
672,concsspm25,DE0002R,2010-2019,summer,-3.2001651632092702,3.0015410162187823,0.3282684760375155,-0.010505133411950543,0.009728403927551376,9,0.35848765432098767,ug m-3
673,concsspm25,DE0002R,2010-2019,autumn,1.2851689974958025,8.864824956633187,0.217874342472189,0.002800053502950403,0.019297765878339607,9,0.612202380952381,ug m-3
674,concsspm25,DE0002R,2010-2019,winter,2.194342581609187,5.7518430329449055,0.3419694464121546,0.007503981178715117,0.01954990190764268,9,0.761414241622575,ug m-3
675,concsspm25,DE0002R,2005-2019,all,,,,,,9,,ug m-3
676,concsspm25,DE0002R,2005-2019,spring,,,,,,9,,ug m-3
677,concsspm25,DE0002R,2005-2019,summer,,,,,,9,,ug m-3
678,concsspm25,DE0002R,2005-2019,autumn,,,,,,9,,ug m-3
679,concsspm25,DE0002R,2005-2019,winter,,,,,,9,,ug m-3
680,concsspm25,DE0001R,2000-2019,all,,,,,,6,,ug m-3
681,concsspm25,DE0001R,2000-2019,spring,,,,,,5,,ug m-3
682,concsspm25,DE0001R,2000-2019,summer,,,,,,6,,ug m-3
683,concsspm25,DE0001R,2000-2019,autumn,,,,,,6,,ug m-3
684,concsspm25,DE0001R,2000-2019,winter,,,,,,7,,ug m-3
685,concsspm25,DE0001R,2000-2010,all,,,,,,0,,ug m-3
686,concsspm25,DE0001R,2000-2010,spring,,,,,,0,,ug m-3
687,concsspm25,DE0001R,2000-2010,summer,,,,,,0,,ug m-3
688,concsspm25,DE0001R,2000-2010,autumn,,,,,,0,,ug m-3
689,concsspm25,DE0001R,2000-2010,winter,,,,,,0,,ug m-3
690,concsspm25,DE0001R,2010-2019,all,,,,,,6,,ug m-3
691,concsspm25,DE0001R,2010-2019,spring,,,,,,5,,ug m-3
692,concsspm25,DE0001R,2010-2019,summer,,,,,,6,,ug m-3
693,concsspm25,DE0001R,2010-2019,autumn,,,,,,6,,ug m-3
694,concsspm25,DE0001R,2010-2019,winter,-2.7446290768868673,7.713144307537879,2.2452685776210966,-0.061624294235592805,0.17243279185560015,7,0.7726190476190476,ug m-3
695,concsspm25,DE0001R,2005-2019,all,,,,,,6,,ug m-3
696,concsspm25,DE0001R,2005-2019,spring,,,,,,5,,ug m-3
697,concsspm25,DE0001R,2005-2019,summer,,,,,,6,,ug m-3
698,concsspm25,DE0001R,2005-2019,autumn,,,,,,6,,ug m-3
699,concsspm25,DE0001R,2005-2019,winter,,,,,,7,,ug m-3
700,concsspm25,PL0009R,2000-2019,all,,,,,,3,,ug m-3
701,concsspm25,PL0009R,2000-2019,spring,,,,,,3,,ug m-3
702,concsspm25,PL0009R,2000-2019,summer,,,,,,3,,ug m-3
703,concsspm25,PL0009R,2000-2019,autumn,,,,,,3,,ug m-3
704,concsspm25,PL0009R,2000-2019,winter,,,,,,4,,ug m-3
705,concsspm25,PL0009R,2000-2010,all,,,,,,0,,ug m-3
706,concsspm25,PL0009R,2000-2010,spring,,,,,,0,,ug m-3
707,concsspm25,PL0009R,2000-2010,summer,,,,,,0,,ug m-3
708,concsspm25,PL0009R,2000-2010,autumn,,,,,,0,,ug m-3
709,concsspm25,PL0009R,2000-2010,winter,,,,,,0,,ug m-3
710,concsspm25,PL0009R,2010-2019,all,,,,,,3,,ug m-3
711,concsspm25,PL0009R,2010-2019,spring,,,,,,3,,ug m-3
712,concsspm25,PL0009R,2010-2019,summer,,,,,,3,,ug m-3
713,concsspm25,PL0009R,2010-2019,autumn,,,,,,3,,ug m-3
714,concsspm25,PL0009R,2010-2019,winter,,,,,,4,,ug m-3
715,concsspm25,PL0009R,2005-2019,all,,,,,,3,,ug m-3
716,concsspm25,PL0009R,2005-2019,spring,,,,,,3,,ug m-3
717,concsspm25,PL0009R,2005-2019,summer,,,,,,3,,ug m-3
718,concsspm25,PL0009R,2005-2019,autumn,,,,,,3,,ug m-3
719,concsspm25,PL0009R,2005-2019,winter,,,,,,4,,ug m-3
720,concsspm25,DE0009R,2000-2019,all,,,,,,7,,ug m-3
721,concsspm25,DE0009R,2000-2019,spring,,,,,,7,,ug m-3
722,concsspm25,DE0009R,2000-2019,summer,,,,,,7,,ug m-3
723,concsspm25,DE0009R,2000-2019,autumn,,,,,,7,,ug m-3
724,concsspm25,DE0009R,2000-2019,winter,,,,,,8,,ug m-3
725,concsspm25,DE0009R,2000-2010,all,,,,,,0,,ug m-3
726,concsspm25,DE0009R,2000-2010,spring,,,,,,0,,ug m-3
727,concsspm25,DE0009R,2000-2010,summer,,,,,,0,,ug m-3
728,concsspm25,DE0009R,2000-2010,autumn,,,,,,0,,ug m-3
729,concsspm25,DE0009R,2000-2010,winter,,,,,,0,,ug m-3
730,concsspm25,DE0009R,2010-2019,all,-0.758204493073776,5.527451445284281,0.6836825078353286,-0.005183711492766932,0.037777004390954966,7,0.7726190476190476,ug m-3
731,concsspm25,DE0009R,2010-2019,spring,-4.294631651474612,4.449185219669324,0.8813920766115189,-0.03785254309574765,0.03843982554972172,7,0.2388888888888889,ug m-3
732,concsspm25,DE0009R,2010-2019,summer,0.10228536341612873,4.5960704084811566,0.6197502996240344,0.0006339138462429902,0.028483975430329635,7,1.0,ug m-3
733,concsspm25,DE0009R,2010-2019,autumn,-1.9395617885554515,18.236271410659246,0.5628396173318228,-0.010916622148619761,0.10258724416295684,7,1.0,ug m-3
734,concsspm25,DE0009R,2010-2019,winter,2.38095802271415,10.12994454715853,0.6925354357808827,0.016488978018363326,0.06981808958309037,8,0.9048611111111111,ug m-3
735,concsspm25,DE0009R,2005-2019,all,,,,,,7,,ug m-3
736,concsspm25,DE0009R,2005-2019,spring,,,,,,7,,ug m-3
737,concsspm25,DE0009R,2005-2019,summer,,,,,,7,,ug m-3
738,concsspm25,DE0009R,2005-2019,autumn,,,,,,7,,ug m-3
739,concsspm25,DE0009R,2005-2019,winter,,,,,,8,,ug m-3
740,concsspm25,LV0016R,2000-2019,all,,,,,,2,,ug m-3
741,concsspm25,LV0016R,2000-2019,spring,,,,,,2,,ug m-3
742,concsspm25,LV0016R,2000-2019,summer,,,,,,2,,ug m-3
743,concsspm25,LV0016R,2000-2019,autumn,,,,,,2,,ug m-3
744,concsspm25,LV0016R,2000-2019,winter,,,,,,3,,ug m-3
745,concsspm25,LV0016R,2000-2010,all,,,,,,2,,ug m-3
746,concsspm25,LV0016R,2000-2010,spring,,,,,,2,,ug m-3
747,concsspm25,LV0016R,2000-2010,summer,,,,,,2,,ug m-3
748,concsspm25,LV0016R,2000-2010,autumn,,,,,,2,,ug m-3
749,concsspm25,LV0016R,2000-2010,winter,,,,,,3,,ug m-3
750,concsspm25,LV0016R,2010-2019,all,,,,,,0,,ug m-3
751,concsspm25,LV0016R,2010-2019,spring,,,,,,0,,ug m-3
752,concsspm25,LV0016R,2010-2019,summer,,,,,,0,,ug m-3
753,concsspm25,LV0016R,2010-2019,autumn,,,,,,0,,ug m-3
754,concsspm25,LV0016R,2010-2019,winter,,,,,,1,,ug m-3
755,concsspm25,LV0016R,2005-2019,all,,,,,,2,,ug m-3
756,concsspm25,LV0016R,2005-2019,spring,,,,,,2,,ug m-3
757,concsspm25,LV0016R,2005-2019,summer,,,,,,2,,ug m-3
758,concsspm25,LV0016R,2005-2019,autumn,,,,,,2,,ug m-3
759,concsspm25,LV0016R,2005-2019,winter,,,,,,3,,ug m-3
